able,apple,banana,absolve
bark,basic,cherry,advance
bend,chair,cookie,ancient
bird,dough,doctor,balance
blue,eagle,falcon,believe
boat,fruit,family,breathe
bone,grape,finger,cabbage
book,house,ginger,capable
born,igloo,hammer,caution
care,jumbo,island,certain
club,lemon,jungle,comfort
coin,mango,kitten,combine
cold,noise,ladder,command
dark,ocean,master,conduct
date,piano,minute,control
dear,queen,monkey,correct
deep,river,orange,courage
desk,sheep,parrot,culture
draw,tiger,pencil,curious
earn,umbra,planet,destroy
east,viper,purple,discuss
edge,water,school,excited
even,yacht,shadow,failure
fall,zebra,spider,fiction
farm,angel,sunset,freedom
fast,beach,travel,gardens
fire,candy,walnut,general
fish,daisy,yellow,gravity
five,earth,zipper,harness
flat,flame,acrobat,history
flow,grain,basket,honesty
fold,happy,beetle,imagine
foot,indie,bridge,justice
free,juice,camera,liberty
fuel,koala,cherry,limited
gain,leash,danger,measure
girl,music,dragon,mission
give,novel,island,natural
glad,oasis,master,opinion
gold,peach,violin,perfect
good,quick,zephyr,promise
gray,rider,acacia,protect
grow,sunny,border,purpose
hair,trick,cherry,reflect
half,unity,danger,remark
hand,vivid,falcon,respect
hard,waltz,ginger,science
head,xerox,jungle,sincere
hear,young,kitten,suspend
help,azure,ladder,uncover
high,blend,master,whereas
hold,crisp,monkey,willing
hope,dandy,parrot,witness
huge,evoke,pencil,abandon
hunt,flint,planet,ability
idea,glint,rocket,balance
iron,honey,school,blanket
jump,ivory,shadow,breathe
just,jolly,spider,brother
keep,karma,sunset,cabbage
kind,laser,travel,capture
king,melon,walnut,channel
kiss,noble,yellow,charity
know,ozone,zephyr,collect
lack,quilt,,command
land,rebel,,conduct
lead,salsa,,contain
less,urban,,control
life,vowel,,correct
line,waltz,,culture
list,xylon,,destroy
live,yield,,develop
long,zesty,,diamond
look,alike,,dynamic
loud,baker,,economy
love,cocoa,,episode
luck,diner,,evening
mail,elixir,,excited
make,flora,,exhaust
many,gloss,,explore
mark,hatch,,factory
mean,inbox,,fiction
mind,jolly,,fortune
miss,koala,,freight
more,liver,,general
most,maple,,gravity
move,novel,,history
name,ocean,,honesty
near,plaza,,improve
neck,quark,,justice
news,rider,,limited
next,snake,,measure
nice,trump,,mission
open,under,,musical
over,voice,,natural
park,amber,,observe
pass,bison,,opinion
play,champ,,perfect
race,demon,,promise
rich,fable,,protect
ride,gamer,,purpose
ring,haste,,quicken
road,inbox,,reflect
rock,juicy,,rescued
room,kneel,,science
rule,lucky,,sincere
safe,mound,,stumble
same,noble,,suspend
sand,overt,,thought
save,pound,,undergo
seem,queen,,victory
sell,rapid,,whereas
send,scale,,writing
ship,trick,,
shop,urban,,
show,vivid,,
sick,waltz,,
sing,xerox,,
size,yacht,,
skin,zebra,,
slow,alpha,,
snow,beast,,
soft,cloud,,
soil,dying,,
star,eagle,,
stop,flora,,
sure,giant,,
tail,happy,,
talk,infer,,
tall,jewel,,
team,kiosk,,
test,liver,,
thin,magic,,
this,noble,,
till,ocean,,
time,pluto,,
tiny,quart,,
told,rebel,,
town,sigma,,
tree,tiger,,
true,unity,,
turn,venom,,
type,water,,
very,xenon,,
vote,youth,,
walk,bloom,,
warm,craft,,
wear,delta,,
well,evoke,,
west,flute,,
wet,grace,,
whom,hello,,
wide,imply,,
wind,jolly,,
wine,koala,,
wish,leash,,
wood,mirth,,
word,novel,,
work,orion,,
yard,peace,,
year,quiet,,
,rover,,
,shade,,
,trump,,
,uncle,,
,valor,,
,whale,,
,xylon,,
,yacht,,
,zebra,,
,abide,,
,blaze,,
,crane,,
,dream,,
,eagle,,
,flint,,
,globe,,
,happy,,
,image,,
,jumps,,
,kicks,,
,lemon,,
,mango,,
,never,,
,onion,,
,pasta,,
,quilt,,
,rider,,
,sandy,,
,trick,,
,unity,,
,vivid,,
,waltz,,
,xenon,,
,yacht,,
,zebra,,
